[
    {
        "sale_id": "1",
        "customer_name": "Reto Fanzen",
        "customer_mail": "reto.fanzen@no-reply.rexx-systems.com",
        "product_id": 1,
        "product_name": "Refactoring: Improving the Design of Existing Code",
        "product_price": "49.99",
        "sale_date": "2019-04-02 08:05:12"
    },
    {
        "sale_id": "2",
        "customer_name": "Reto Fanzen",
        "customer_mail": "reto.fanzen@no-reply.rexx-systems.com",
        "product_id": 2,
        "product_name": "Clean Architecture: A Craftsman's Guide to Software Structure and Design",
        "product_price": "24.99",
        "sale_date": "2019-05-01 11:07:18"
    },
    {
        "sale_id": "3",
        "customer_name": "Leandro Bu\u00dfmann",
        "customer_mail": "leandro.bussmann@no-reply.rexx-systems.com",
        "product_id": 2,
        "product_name": "Clean Architecture: A Craftsman's Guide to Software Structure and Design",
        "product_price": "19.99",
        "sale_date": "2019-05-06 14:26:14"
    },
    {
        "sale_id": "4",
        "customer_name": "Hans Sch\u00e4fer",
        "customer_mail": "hans.schaefer@no-reply.rexx-systems.com",
        "product_id": 1,
        "product_name": "Refactoring: Improving the Design of Existing Code",
        "product_price": "37.98",
        "sale_date": "2019-06-07 11:38:39"
    },
    {
        "sale_id": "5",
        "customer_name": "Mia Wyss",
        "customer_mail": "mia.wyss@no-reply.rexx-systems.com",
        "product_id": 1,
        "product_name": "Refactoring: Improving the Design of Existing Code",
        "product_price": "37.98",
        "sale_date": "2019-07-01 15:01:13"
    },
    {
        "sale_id": "6",
        "customer_name": "Mia Wyss",
        "customer_mail": "mia.wyss@no-reply.rexx-systems.com",
        "product_id": 2,
        "product_name": "Clean Architecture: A Craftsman's Guide to Software Structure and Design",
        "product_price": "19.99",
        "sale_date": "2019-08-07 19:08:56"
    },
    {
        "sale_id": "7",
        "customer_name": "Test1",
        "customer_mail": "test@outlook.com",
        "product_id": "2",
        "product_name": "Book",
        "product_price": "23.22",
        "sale_date": "2018-06-14T19:30"
    }
]